{
  "primitives": {
    "a": 128,
    "b": 32768,
    "c": 2147483648,
    "d": 9223372036854776000,
    "e": 64,
    "f": 16384,
    "g": 1073741824,
    "h": 4611686018427388000,
    "i": 65,
    "j": "ABC",
    "k": 3.141590118408203,
    "l": 3.14159e-11,
    "m": true,
    "n": 1499684174969000,
    "o": 1499684174969
  },
  "v1": [],
  "v2": [],
  "p": [
    "",
    {
      "a": 128,
      "b": 32768,
      "c": 2147483648,
      "d": 9223372036854776000,
      "e": 64,
      "f": 16384,
      "g": 1073741824,
      "h": 4611686018427388000,
      "i": 65,
      "j": "ABC",
      "k": 3.141590118408203,
      "l": 3.14159e-11,
      "m": true,
      "n": 1499684174969000,
      "o": 1499684174969
    }
  ],
  "o": null,
  "q": {
    "B2": {
      "a": 1073741824
    },
    "": "T9209827283478105543"
  },
  "w1": {
    "foo": 1073741824,
    "bar": {
      "x": 1073741824
    }
  },
  "w2": {
    "foo": 1073741824,
    "bar": null
  },
  "w3": {
    "foo": 1073741824,
    "bar": {
      "a": 1073741824,
      "baz": "",
      "meh": {}
    }
  },
  "w4": {
    "a": 1073741824,
    "baz": "",
    "meh": {
      "x": 1073741824
    }
  },
  "w5": {
    "a": 1073741824,
    "baz": "",
    "meh": null
  },
  "w6": {
    "a": 1073741824,
    "baz": "",
    "meh": {
      "foo": 1073741824,
      "bar": {}
    }
  },
  "tsc": {
    "o1": null,
    "o2": null,
    "o3": null,
    "o4": null,
    "o5": null,
    "o6": [
      "",
      null
    ],
    "o7": {}
  }
}